Date,Stars,Sentiment_rating,Text
2-14W,4-stars or above,Advertising,"If you still give us a lot of ads, let them be extended, that is, let's look at the Green Horses on the walls"
2-14W,4-stars or above,Positive,"Great casino so far, nice machines"
2-14W,4-stars or above,Positive,you are ksk
2-14W,4-stars or above,Positive,Fun games
2-14W,4-stars or above,Positive,Very good
2-14W,4-stars or above,Positive,Fun
2-14W,4-stars or above,Positive,A lot of Fun!
2-14W,4-stars or above,Positive,Enjoy this game
2-14W,4-stars or above,Positive,"The same is true, not only is it good
"
2-14W,4-stars or above,Positive,Great game
2-14W,4-stars or above,Positive,"Good
"
2-14W,3-stars or below,Positive,"Why send feedback??? if you don't do anything about it??? Enough of this game, tired"
2-14W,3-stars or below,Positive,"Jackpot fell for 7 billion, as a result, it was not accrued, so such an assessment"
2-07W,3-stars or below,Advertising,"Don't install it, there's a lot of advertising"
2-07W,3-stars or below,Positive,"Disaster, just fooling around, game absolutely useless."
2-07W,3-stars or below,Positive,Not very good
2-07W,3-stars or below,Numerical,"If you want money to throw away, then this is for you!!!"
2-07W,3-stars or below,Technician Issues,Bad bad bad Freezes up my phone everytime uninstalled..
2-07W,3-stars or below,Positive,"this app does not work on my laptop, it is uselss. I don't need it on my phone"
2-07W,3-stars or below,Positive,It's not worth that much
2-07W,3-stars or below,Numerical,"Why bother putting this game on Google play , It stop's on wins and is slower than a turtle, It kick's you completely out of the game."
2-07W,3-stars or below,Numerical,Just like all the rest. Good for the 1st day. Then its a steady drain to ZERO. Uninstalled.
2-07W,3-stars or below,Numerical,"Are you a damn person, you didn't give a hand until you gave 4 billion VIRTUAL points, how can we load it, if the world's treasure is not enough for you"
2-07W,3-stars or below,Numerical,Like with so many other slots apps ran out of coins very quickly...
2-07W,3-stars or below,Positive,Sucks
2-07W,3-stars or below,Numerical,Cheats you out of coins . It will give you coins but not all of the large amounts are given . Watch your coin amount at the top.
2-07W,3-stars or below,Numerical,"If you have money to throw away, then this game is for you!!! Expensive with little payouts"
2-07W,3-stars or below,Numerical,"Love the games on this one, but it's not uncommon to spin 40+ times and not win anything. That seems excessive to me. Going from $900M to $200 in an hour, using $2000 spins....insane.

"
2-07W,3-stars or below,Positive,Scrambled screen
2-07W,4-stars or above,Positive,good
2-07W,4-stars or above,Positive,Great
2-07W,4-stars or above,Positive,"Fun. Engaging missions. Just a fun game
"
2-07W,4-stars or above,Positive,"Winning!
"
2-07W,4-stars or above,Positive,Slot of fun
2-07W,4-stars or above,Numerical,"Even if you have a bad streak, there are always enough extra features for a comeback. Very good balance."
2-07W,4-stars or above,Positive,Great to play and takes up ur time when u want something like a game to do..
2-07W,4-stars or above,Numerical,"I just started playing, but I've won soooo much!"
2-07W,4-stars or above,Positive,Great games So Addicting
2-07W,4-stars or above,Positive,Very fun.... Loose slots
2-07W,4-stars or above,Positive,So much fun!!
2-07W,4-stars or above,Positive,Variety of games good bonuses
2-07W,4-stars or above,Positive,good fun
2-07W,4-stars or above,Positive,I will say to everyone i meet this is a fun casino
2-07W,4-stars or above,Positive,It was ok
2-07W,4-stars or above,Positive,Great!8[iip9
2-07W,4-stars or above,Positive,Exhilarating
2-07W,4-stars or above,Positive,Fun
2-07W,4-stars or above,Positive,good game having fun 02/09/22
2-07W,4-stars or above,Positive,"Best game of its genre so far, a nd I have played several."
2-07W,4-stars or above,Positive,Great
2-07W,4-stars or above,Positive,Beginner
2-07W,4-stars or above,Positive,I love this game
2-07W,4-stars or above,Graphic,Solid game love the graphics good payouts
2-07W,4-stars or above,Positive,Fun
2-07W,4-stars or above,,Good need more coins or bonuses
2-07W,4-stars or above,Positive,Top
2-07W,4-stars or above,Positive,Great fun always
2-07W,4-stars or above,Positive,I love this game
2-07W,4-stars or above,Positive,Fantastic
2-07W,4-stars or above,Positive,Fun games
2-07W,4-stars or above,Positive,Okay
2-07W,4-stars or above,Numerical,easy to win bonus. Dont focus on one gmae. Great time killer
2-07W,4-stars or above,Positive,One of the best A big selection and you actually win. You can do quests or not. Most important not a ton of ads!
2-07W,4-stars or above,Positive,Could be better with graphics but Im satisfied
2-07W,4-stars or above,Positive,Good game slots same to be very lose lots of wins.
2-07W,4-stars or above,Positive,Lots of fun
2-07W,4-stars or above,Positive,Getting going will let you know more later.
2-07W,4-stars or above,Positive,I love playing this game
2-07W,4-stars or above,Positive,Carroll kanston AWESOME
2-07W,4-stars or above,Positive,Really fun to play
2-07W,4-stars or above,Positive,A lot of different games to play
2-07W,4-stars or above,Numerical,Great game so far wonderful payouts
1-31W,3-stars or below,Technician Issues,Sucks do not download
1-31W,3-stars or below,Advertising,Too many ads
1-31W,4-stars or above,Positive,Fun game
1-31W,4-stars or above,Positive,Godd
1-31W,4-stars or above,Positive,Great casino fun games. NOW SHOW ME THE MONEY HONEY
1-31W,4-stars or above,Positive,Cool
1-31W,4-stars or above,Positive,I only been playing for a couple weeks I like it.
1-31W,4-stars or above,Positive,Very excellent games friends I congratulate you in advance.
1-31W,4-stars or above,Positive,Fun!
1-31W,4-stars or above,Positive,Love
1-31W,4-stars or above,Positive,Among the best on the net
1-31W,4-stars or above,Positive,Slot
1-31W,4-stars or above,Positive,Fun
1-31W,4-stars or above,Positive,Good games.
1-31W,4-stars or above,Positive,Awsome
1-31W,4-stars or above,Positive,So far so good
1-31W,4-stars or above,Graphic,I love the graphics and the bonus games are fun too. Plenty of slot machines to choose from.
1-31W,4-stars or above,Positive,"Very good game, I hope it will get better and better, more and more gameplay and types, (interesting game)"
1-31W,4-stars or above,Positive,Fun!!
1-31W,4-stars or above,Positive,I like the game
1-31W,4-stars or above,Positive,Just epic
1-31W,4-stars or above,Positive,Just havin fun playin slots
1-31W,4-stars or above,Numerical,Good wins
1-31W,4-stars or above,Graphic,Graphics are the best I have seen in a long time
1-31W,4-stars or above,Positive,Excellent
1-31W,4-stars or above,Positive,It's cool
1-31W,4-stars or above,Positive,Cool game
1-31W,4-stars or above,Positive,It's fun
1-31W,4-stars or above,Positive,Love it fun game just like the real games you play at the casino
1-31W,4-stars or above,Positive,Good games
1-31W,4-stars or above,Positive,So far so good
1-31W,4-stars or above,Positive,Great game
1-31W,4-stars or above,Positive,Great game
1-31W,4-stars or above,Positive,So far it has been enjoyable
1-31W,4-stars or above,Positive,Fun
1-31W,4-stars or above,Positive,It's a fun game
1-31W,4-stars or above,Positive,Lots of fun
1-31W,4-stars or above,Positive,Pretty good
1-31W,4-stars or above,Positive,Like
1-31W,4-stars or above,Positive,best game out there
1-31W,4-stars or above,Positive,"I absolutely love this app I'm doing very good, it hasn't dropped one time or put me to watch adds Everytime I hit cash like some others do best slot game to date that I've played thanks Hopping cash Casino Slots!!!"
1-31W,4-stars or above,Positive,I like it it don't have that many commercials so when you spend every time you don't have a commercial I like that
1-31W,4-stars or above,Positive,Fun
1-31W,4-stars or above,Positive,Wow just can't stop playing
1-31W,4-stars or above,Positive,I love this game
1-31W,4-stars or above,Positive,Very good
1-31W,4-stars or above,Positive,Great game!!
1-31W,4-stars or above,Positive,Interesting!!!
1-31W,4-stars or above,Positive,OK
1-31W,4-stars or above,Positive,Great and varied game
1-31W,4-stars or above,Positive,Fun games
1-31W,4-stars or above,Positive,fun!!!
1-31W,4-stars or above,Positive,Awesome game!!
1-31W,4-stars or above,Positive,Very fun games.
1-31W,4-stars or above,Graphic,ABSOLUTELY BEAUTIFUL GRAPHICS AND I ABSOLUTELY LOVE PLAYING THIS CASINO :-)
1-31W,4-stars or above,Positive,Koolio
1-31W,4-stars or above,Numerical,This is the only slot game that everyone should try because it's really fun with great wins.
1-31W,3-stars or below,Numerical,"Good Graphics, laim payouts, small winnings. And just a few games. Time waste. Uninstall. Not recommend."
1-31W,3-stars or below,General Questions,How do you sell chips?
1-31W,3-stars or below,,P.O.S. Its a fraud! If you actually want to get some cash the only app i have found is Justplay they actual paid me around 50bucks but the longer you have it the less they pay. But still vetter then this joke I wanted the 7 days andnnow it says there to many qurrants for my payment and I am 9987 in line..... As if. What a lie don't download it.
1-31W,3-stars or below,Numerical,Got to play maybe an hour before payouts got changed and ended up with nothin. All of a sudden my free spins and bonuses disappeared. Huh. Uninstalled
1-31W,3-stars or below,Technician Issues,"It keeps closing out and sending me to my homescreen to where I have to reboot it if you can fix that problem it would be a great game

"
1-31W,3-stars or below,Positive,"Play first. If it's good, I will give more stars."
1-31W,3-stars or below,Positive,I didn't like it but you may?!
1-31W,3-stars or below,Numerical,Terrible game. Absolutely do not ever bet over 20K. I just went over 800 spins without a bonus or free spins. Don't give me any bs saying it's all random. You have these set to pay out for awhile to get you hooked then stop paying and stop giving out free spins and bonuses. I'm uninstalling this garbage.
1-31W,3-stars or below,Positive,February 1st 2022 I'm going into the game then ill come back give my results before I public anything
1-31W,3-stars or below,Positive,Terrible slots
1-31W,3-stars or below,Positive,not a good casino
1-31W,3-stars or below,,"This game is fun, but it always closes and goes to home screen. No one is going to purchase anything that doesn't function properly!"
1-31W,3-stars or below,Technician Issues,"When the application crashes every few minutes, time to uninstall"
1-31W,3-stars or below,Positive,Pathetic
1-31W,3-stars or below,Technician Issues,"Fun game but it's bugged, when I click to check what challenge I'm doing next the whole game starts glitching and not responding."
1-31W,3-stars or below,Positive,YOU SUCK.
1-31W,3-stars or below,Technician Issues,I don't want to run. How long I have to wait
1-24W,3-stars or below,Technician Issues,Can't even in joy the game cuz you can't get it to download. It takes to long so sad
1-24W,3-stars or below,Advertising,"TONS of ads to watch... One every two spins! ZERO PAY!!! Regardless of how long you play this game, you won't be paid for your time and play! Delete this app if you have it and don't waste any more of your time!"
1-24W,3-stars or below,Technician Issues,Constant crashing ! No fun bere !
1-24W,3-stars or below,Positive,I don't really like this game I uninstall
1-24W,3-stars or below,Numerical,Did not pay out
1-24W,3-stars or below,Technician Issues,Wont let me load any games Goodbye
1-24W,3-stars or below,Technician Issues,"I enjoy the game, but it continues to drop off an I have to reload. This has happe ed at least 12 times within 4 hours."
1-24W,3-stars or below,Technician Issues,"I really want to play this game, but, I was can only get 2 or 3 spins in before the game shuts down. Reloaded 3 times so far. I'm going to give it 1 more try. I hope it works."
1-24W,3-stars or below,Positive,"Another hyped up game, but all lies."
1-24W,3-stars or below,Numerical,Have gained a lot at the beginning then after it is necessary to pack.
1-24W,3-stars or below,Technician Issues,"Lots of potential but very low payouts when you increase your bets and every game we played FROZE UP, maybe they'll fix all their issues and make it so one enjoy it. I Uninstalled it, too many issues and bottom of the barrel payouts"
1-24W,3-stars or below,Positive,Sucked
1-24W,3-stars or below,Numerical,They need to remame this game to Losin Cash Casino. No wins here. Move along folks.... Move along. Don't waste your time or money on these loser greedy no win games.
1-24W,3-stars or below,Technician Issues,"It won't load, too slow takes up too much data."
1-24W,3-stars or below,Positive,First things first. The game does have great graphics and everything else but the downside to it is when you win money and there's a glitch. They'll say we're sorry for the glitch here's some coins for your trouble but it doesn't equal up to the coins that you actually won. This game would have got a lot higher score if they would have just fixed it the right way.
1-24W,3-stars or below,Technician Issues,Does not give your points. Crash all the time.
1-24W,4-stars or above,Positive,go
1-24W,4-stars or above,Positive,Great Game!
1-24W,4-stars or above,Positive,Ok
1-24W,4-stars or above,Positive,Job
1-24W,4-stars or above,Positive,Ok
1-24W,4-stars or above,Positive,Feedback
1-24W,4-stars or above,Positive,Fun
1-24W,4-stars or above,Positive,Awesome!!
1-24W,4-stars or above,Positive,Great games
1-24W,4-stars or above,Positive,Fun games keeps you entertained
1-24W,4-stars or above,Positive,Great game
1-24W,4-stars or above,Positive,"So far so good!
"
1-24W,4-stars or above,Graphic,Good funny graphic only that it takes money a little fast
1-24W,4-stars or above,Positive,Ok
1-24W,4-stars or above,Positive,Good Game
1-24W,4-stars or above,Positive,Very fun games.
1-24W,4-stars or above,Positive,So far it's really fun and cute.
1-24W,4-stars or above,Technician Issues,My game keeps shutting down an going back to home screen
1-24W,4-stars or above,Positive,Excellent
1-24W,4-stars or above,Numerical,Really have fun for hours on this game and has great payouts
1-24W,4-stars or above,Numerical,Great payouts
1-24W,4-stars or above,Positive,Lots of fun.
1-24W,4-stars or above,Positive,Awesome
1-24W,4-stars or above,Positive,Fun
1-24W,4-stars or above,Graphic,"Fun fun fun!!! Easy to play and great graphics nice winnings also hopefully next time I play though it's real money.
"
1-24W,4-stars or above,Positive,Nice
1-24W,4-stars or above,Positive,It's good
1-24W,4-stars or above,Positive,This is a magnificent casino game to play!
1-24W,4-stars or above,Positive,Wonder I can't put it down sometime
1-24W,4-stars or above,Positive,"Enjoyed for relaxation. Was not keen on interruption of game though relative to watching ads for points. Redundant at best!
"
1-24W,4-stars or above,Positive,Fun
1-24W,4-stars or above,Positive,good game
1-24W,4-stars or above,Positive,Great fun
1-24W,4-stars or above,Positive,Seems to be a good game
1-24W,4-stars or above,Positive,Good game
1-24W,4-stars or above,Positive,Great
1-24W,4-stars or above,Positive,Fun
1-24W,4-stars or above,Positive,Great game
1-24W,4-stars or above,Positive,"At last, i really found d most exciting & rewarding slot games in Hoppin'n Cash Casino. The winning payout is genuine realistic unlike any other slot games that allowed u to win at 1st attempt but within d next few games, all d winnings will definitely just become ZERO. HCC is really fantastic & relaxing slot game. "
1-24W,4-stars or above,Positive,I like the way the games I put together
1-24W,4-stars or above,Positive,Super game
1-24W,4-stars or above,Positive,Great game
1-24W,4-stars or above,Positive,Awesome thanks
1-24W,4-stars or above,Graphic,Oh my goodness this game and graphics are awesome I love it!!!
1-24W,4-stars or above,Positive,High good
1-24W,4-stars or above,Positive,Good game so far
1-24W,4-stars or above,Positive,Fun
1-24W,4-stars or above,Positive,Awesome game!!
1-24W,4-stars or above,Positive,Good game
1-24W,4-stars or above,Positive,I love it
1-24W,4-stars or above,Numerical,First time I have played these games. I love all of them so far. Payouts are very good.
1-17W,3-stars or below,Numerical,Poor bonus hits
1-17W,3-stars or below,Numerical,ALWAYS OUT OF MONEY AND NEVER WINS ANYTHING CUZ I WONT PAY MONEY!
1-17W,4-stars or above,Graphic,It's got Great graphics okay pays pays
1-17W,4-stars or above,Positive,Great game join in and have some fun.
1-17W,4-stars or above,Positive,"Just Started , But Good So Far"
1-17W,4-stars or above,Technician Issues,It's fun. Only problem mine tends to shut off during the game. Knocks me off
1-17W,4-stars or above,Positive,Excellent game
1-17W,4-stars or above,Positive,This is nonstop fun! No ads!!! I got up 9 billion on 4 games. I got it for no money!
1-17W,4-stars or above,Positive,Fun game
1-17W,4-stars or above,Positive,"You ask me rate right as the game loaded so I gave you 5 stars and then canceled it and went back to the game so I could freshly judge it. Well the results are in and it is indeed 5 stars.. I am on level 73 so I must be enjoying it or believe me it would be gone. I don't play thinking of rating so all I can say it's fun, the different games are fun and a nice variety, sound is good payouts are really what you make them as far as how much you bet and how long you keep playing at a time:)"
1-17W,4-stars or above,Positive,Fun
1-17W,4-stars or above,Positive,Fun
1-17W,4-stars or above,Positive,You will be a happy that I have so happy plying the game.
1-17W,4-stars or above,Positive,So far so good..some ads but since I'm retired and not going anywhere I can deal with them
1-17W,4-stars or above,Positive,Love.
1-17W,4-stars or above,Positive,Fun
1-17W,4-stars or above,Positive,Awesome Features
1-17W,4-stars or above,Positive,Ok game.
1-17W,4-stars or above,Positive,Love this game.
1-17W,4-stars or above,Numerical,It's lot's of fun! Great winnings!
1-17W,4-stars or above,Positive,Great games
1-17W,4-stars or above,Positive,Great game
1-17W,4-stars or above,Positive,Not too many frills just great action!! Love it!!!!
1-17W,4-stars or above,Positive,Fantastic
1-17W,4-stars or above,Positive,Love it
1-17W,4-stars or above,Positive,Fun
1-17W,4-stars or above,Positive,Giod slot game
1-17W,4-stars or above,Positive,Love it
1-17W,4-stars or above,Positive,Awesome !
1-17W,4-stars or above,Positive,"This is an awesome game so far. can't complain about anything yet I'll tell my friends to play
"
1-17W,4-stars or above,Positive,Good
1-17W,4-stars or above,Graphic,Lots of fun and great graphics!
1-17W,4-stars or above,Positive,Great time playing.
1-17W,4-stars or above,Positive,It's good
1-17W,4-stars or above,Positive,Awesome
1-17W,4-stars or above,Numerical,"Not a bad game, I don't bet a lot but still win. Thx"
1-17W,4-stars or above,,Doing good. Just thinking that the daily would be higher
1-17W,4-stars or above,Positive,Nice gives alot of coins
1-17W,4-stars or above,Positive,Three thumbs up
1-17W,4-stars or above,Positive,Another one of my favorite games..thanks for this one too
1-17W,4-stars or above,Positive,Great game
1-17W,4-stars or above,Positive,It a good game
1-17W,4-stars or above,Positive,Fun play
1-17W,4-stars or above,Positive,Good
1-17W,4-stars or above,Positive,Excellent
1-17W,3-stars or below,Numerical,Fun game could use more big wins
1-17W,3-stars or below,Numerical,"It has a lot of potential to be a good game, but we all know that if you don't bet big, you don't win big, and that's no fun. They make sure that you start losing after you bet big. I had plenty of chips until I started betting bigger. Then I started losing. Not keeping an app where I lose, so good luck"
1-17W,3-stars or below,Numerical,"Same old, same old. No bonuses or features in the last 4 games played. The developers of these games just don't get it."
1-17W,3-stars or below,Positive,What a misery of bonuses this game gives. take bonds they tell him
1-17W,3-stars or below,Positive,It's alright. Just another slots game app.
1-17W,3-stars or below,Technician Issues,"I was playing the best and suddenly I couldn't enter anymore, besides everything is in English"
1-17W,3-stars or below,Technician Issues,I can't get it started
1-17W,3-stars or below,Technician Issues,This is one of the worst games I've played. Every time i log in i get to play maybe 3 minutes before it kicks me out of the game. So im deleting this game. Very disappointed
1-17W,3-stars or below,Numerical,Start out winning then nothing... UNINSTALLED
1-17W,3-stars or below,Technician Issues,Bad takes my winnings I won 35 free games an lots of coines it takes from me shuts the game off it is ripping me off do something about this game!!!!
1-17W,3-stars or below,General Questions,Don't purchase anything cuz you won't get your credits and they won't respond when you email them.
1-17W,3-stars or below,Positive,Not free
1-17W,3-stars or below,Technician Issues,The game you hit big jackpots but the game keeps crashing I'm in the middle of free games and it just goes back to my home screen and I loos everything don't download it pleas fix I'm unstalling it
1-10W,3-stars or below,General Questions,"Fun so far but no cash yet
"
1-10W,3-stars or below,General Questions,"How can I play, I can get real money, I received it.. I gave it 1 star. Previously, if it was profitable for me, I would give it another 4 star."
1-10W,3-stars or below,Advertising,"Lots of ads, very annoying. Can't even win a contest because ads pop up during game play. Also very annoying. Don't always receive messenger bonus and support claims it's my internet connection I live half a block away from a cell phone tower. Still no solution, excuses, excuses, and oh yeah excuses. Not very good at solving problems, but great at taking your money Still haven't won a ""Grand Jackpot"" either. I've had other apps less time, and won more. Maybe other apps aren't so bad."
1-10W,3-stars or below,Numerical,Money goes way to fast. You dont get big wins and if you do theybtake back within a few spins
1-10W,3-stars or below,Numerical,"At first the game was fun, but after not being able to get anywhere. I've been stuck in this bubble. 70.000 to around 140.000. I'm so bored that now I'm trying to get rid of my money. The same thing still happens. You keep is in, just enough to keep us playing. Either take my money, or let me win, some sizable amount. I'm out after I'm I lose the rest of my money."
1-10W,3-stars or below,Numerical,"It was fun when first start, after about 2 days none of the slots hits. To many ads want you to spend money, the prices are to high. I can buy one trillions coins for a lot less than paying $49.99 for a million. I want enjoying coins."
1-10W,3-stars or below,Technician Issues,Kept kicking out.
1-10W,3-stars or below,Technician Issues,"Game has nice graphics, constantly pop up reconnect while your in bonus and winning !!! I won't support a game that annoys the player and takes the enjoyment out of playing"
1-10W,3-stars or below,Technician Issues,Noob game dont waste your tym for this still loading tsssk
1-10W,3-stars or below,Technician Issues,"Fun game. Great win rate, lots of big wins, but, the app literally won't open, or, crashes consistently when I attempt to play."
1-10W,3-stars or below,Technician Issues,Would not download and my connection works fine
1-10W,4-stars or above,Positive,Awsome game
1-10W,4-stars or above,Positive,Love it
1-10W,4-stars or above,Positive,So addictive and satisfying! Thanks to the developers and keep up the great work!
1-10W,4-stars or above,Positive,"love this game, baby. However I am not big enough to have a phone. the shrunken games piss me off. everytime you do that. I hate it."
1-10W,4-stars or above,Positive,Love it!!!!!!!
1-10W,4-stars or above,Positive,Fun
1-10W,4-stars or above,Positive,Its been good so far. I love the casino like games. Thanks
1-10W,4-stars or above,Positive,It's a super fun and vary addicting!!
1-10W,4-stars or above,Positive,Great game!! Let's you play for a long time.
1-10W,4-stars or above,Positive,Good game
1-10W,4-stars or above,Positive,Fun slots. Entertaining
1-10W,4-stars or above,Numerical,Fun games. Extreme payouts!
1-10W,4-stars or above,Positive,Good
1-10W,4-stars or above,Positive,An awesome game today
1-10W,4-stars or above,Positive,Seems ok so far
1-10W,4-stars or above,Positive,Great game
1-10W,4-stars or above,Positive,Hoppin casinos slot Wow sounds like it's on like donkey Kong that's the kindaast game I played neither seeming less films like I. Enjoying to survey be ause I'm expressing my experience with casino slot with highly intensions of Integrity makes survey much more enjoyable to read always a dark side in every aspects wich applies to implementation elaborate concepts of survey are accordingly; example q... Lppa got carried away
1-10W,4-stars or above,General Questions,"I like the game we'll see if it actually pays it to my cash app for my PayPal that's another story let you know.
"
1-10W,4-stars or above,Positive,Great slots! I'm at a trillion and still hot!
1-10W,4-stars or above,Positive,Fun.
1-10W,4-stars or above,Positive,if this is okay
1-10W,4-stars or above,Numerical,Lets you win alot more than the other games
1-10W,4-stars or above,Positive,Great
1-10W,4-stars or above,Graphic,"Good graphics, very decent earnings, not a lot of ads."
1-10W,4-stars or above,Positive,Addicting
1-10W,4-stars or above,Positive,This is great games. Once I start playing I can't put it down.
1-10W,4-stars or above,Graphic,Constant pay outs and amazing grafics thx
1-10W,4-stars or above,Positive,Love the game.
1-10W,4-stars or above,Positive,Best game to play if you can get it to download
1-10W,4-stars or above,Positive,Love the games
1-10W,4-stars or above,Positive,Lotsa freebeez!
1-10W,4-stars or above,Positive,I have really enjoyed playing your game. Can't wait to get back to it
1-10W,4-stars or above,Positive,Fun to play
1-10W,4-stars or above,Technician Issues,If it wasn't lagging it would be great
1-3W,3-stars or below,Numerical,BUYER BEWARE!! WORST PLACE TO PUT YOUR MONEY!!DO NOT PLAY!! NO GAME SHOULD SPIN 20-30 TIMES WITHOUT HITTING ANYTHING!! If I could give LESS than 1 star I would. The worst play back!! They do NOT respond except for auto response and there is NEVER a solution just an excuse!! The more you play the LESS you get in play back!! HORRIBLE HORRIBLE HORRIBLE!! PURCHASED 3BILLION. RECEIVED IN PLAYBACK 200 MILLION PLAYING 100 MILLION EACH SPIN!!! A HUGE RIPOFF AND THEY DONT CARE!!!
1-3W,3-stars or below,Numerical,"It will only let you win so much money then it hardly let's you win specially when you get higher levels and the ad's are horrible an ad will start playing while you are spinning and if you hit it the ad will take you to the app store I deleted this app all they want you to do is buy coins and watch ad's
"
1-3W,4-stars or above,General Questions,When do u get ur money
1-3W,4-stars or above,Positive,good
1-3W,4-stars or above,Positive,Always fun and happy winners circle
1-3W,4-stars or above,Positive,Really great app
1-3W,4-stars or above,Positive,This the best one so far. Lots of fun.
1-3W,4-stars or above,Positive,So far So good. Will update once I have played longer
1-3W,4-stars or above,Positive,Great game
1-3W,4-stars or above,Numerical,Great games and nice payouts
1-3W,4-stars or above,Positive,Cool Game
1-3W,4-stars or above,Positive,Nice
1-3W,4-stars or above,Positive,Cool slots. Fast too if u like to speed play
1-3W,4-stars or above,Positive,Keeps me entertained. I love it!
1-3W,4-stars or above,Positive,So far great
1-3W,4-stars or above,Graphic,"Very fun graphics, frequent bonuses"
1-3W,4-stars or above,Positive,Enjoy playing
1-3W,4-stars or above,Positive,Good games
1-3W,4-stars or above,Positive,Good funky game
1-3W,4-stars or above,Positive,Simple fun
1-3W,4-stars or above,Positive,Nice
1-3W,4-stars or above,Positive,Love this
1-3W,4-stars or above,Positive,Good game
1-3W,4-stars or above,Positive,Great
1-3W,4-stars or above,Positive,Fun times fun times
1-3W,4-stars or above,Positive,Nice to pass time
1-3W,4-stars or above,Positive,Super
1-3W,4-stars or above,Graphic,Love the graphics
1-3W,4-stars or above,Positive,Good application if it were real I would be a millionaire Q
1-3W,4-stars or above,Positive,good
1-3W,4-stars or above,Positive,Excellent
1-3W,4-stars or above,Positive,my
1-3W,4-stars or above,Positive,I love it
1-3W,4-stars or above,Positive,Love this game!
1-3W,4-stars or above,Positive,Brilliant
1-3W,4-stars or above,Positive,Very fun....best yet
1-3W,4-stars or above,Positive,So far so good!
1-3W,4-stars or above,Positive,I have found fun and winning slots. I recommend these slots to all my friends.
1-3W,4-stars or above,Positive,"Fun,winning!!!"
1-3W,4-stars or above,Graphic,"Great graphics & fun games with nice payouts , let's hope it continues, so many apps start out great & then do nothing but take take take, I really like the games on this app so I really hope it stays true to what it is now !"
1-3W,4-stars or above,Positive,Enjoy
1-3W,4-stars or above,Positive,Good game
1-3W,4-stars or above,Positive,I enjoy playing the game!
1-3W,4-stars or above,Positive,So far so great! Love the games and graphics.
1-3W,4-stars or above,Positive,Great
1-3W,4-stars or above,Positive,Ggg
1-3W,4-stars or above,Positive,Yahoo fun
1-3W,3-stars or below,Positive,Noob Noob noob
1-3W,3-stars or below,Numerical,Dont pay
1-3W,3-stars or below,Technician Issues,Keep freezing
1-3W,3-stars or below,Technician Issues,Runs slow and keep having to initialize
1-3W,3-stars or below,Numerical,I thought it was beautiful and relaxing got up to 300 million in 3 hours our purchased coins and lost all but 79 million in 20 minutes no bonuses and raise bet and I'm pissed don't bother they want money
1-3W,3-stars or below,Numerical,When you bet high you lose everything qas a nice game otherwise
1-3W,3-stars or below,Numerical,You win the first hour of play than you lose than they ask you to buy ...good luck with that .I am gone.
1-3W,3-stars or below,Positive,Beggar
1-3W,3-stars or below,Technician Issues,RIDICULOUS!! CONSTANTLY kicks you off! There's absolutely NOTHING wrong with my connection!! You have all these options to buy things... I'll save my money until you figure out what's wrong on your end! Please fix the problem/glitches!!
1-3W,3-stars or below,Numerical,Boring what's the point of playing if you can't win anything
1-3W,3-stars or below,Technician Issues,Keeps freezing sucks
1-3W,3-stars or below,Numerical,"No jackpots, no wins, no nothing. Reels are rigged. Bonuses don't exist. 2 billion gone in no time. Don't download. You've been warned."
1-3W,3-stars or below,Technician Issues,"Ok 3 stars, too many ads right in the middle of a game, internet sucks and game lost. When logging back in 5 ads right in a row to look at, finishing my coins out and uninstalling"
1-3W,3-stars or below,Technician Issues,"Good game, keeps crashing."
12-27W,4-stars or above,Positive,Fun
12-27W,4-stars or above,Numerical,Big easy wins
12-27W,4-stars or above,Positive,Summer
12-27W,4-stars or above,Positive,Fun game so far
12-27W,4-stars or above,Positive,One of the most funnest games I've ever played thank you
12-27W,4-stars or above,Positive,Love it
12-27W,4-stars or above,Positive,So far so good
12-27W,4-stars or above,Positive,"Perfect
"
12-27W,4-stars or above,Positive,Love it.
12-27W,4-stars or above,Positive,Love this game.... There are ads but that's how they make their money
12-27W,4-stars or above,Numerical,Is fun good pay outs
12-27W,4-stars or above,Positive,From now on
12-27W,4-stars or above,Positive,Ok
12-27W,4-stars or above,Positive,I haven't been playing very long. But so far I have really enjoyed the game. Its pretty awesome game
12-27W,4-stars or above,Positive,"Best slots game out
"
12-27W,4-stars or above,Graphic,"Good wins, fun games. Graphics are really good."
12-27W,4-stars or above,Positive,I'll give it four and a half Stars
12-27W,4-stars or above,Numerical,VERY WELL MADE GAME. THE PAY OUTS ARE VERY CONSISTENT AND THE GAMES ARE REALLY REALLY FUN!!!!! P.S. Do yourself a favor and download this game now. Lol.
12-27W,4-stars or above,Positive,Super game
12-27W,4-stars or above,Positive,So far so good. Good wins good graphics. No issue
12-27W,4-stars or above,Positive,Real fun game
12-27W,4-stars or above,Positive,"So far this is my favorite slot game to play!!!

"
12-27W,4-stars or above,Positive,Love it all
12-27W,4-stars or above,Positive,Great
12-27W,4-stars or above,Positive,Great fun
12-27W,4-stars or above,Positive,It's fun
12-27W,4-stars or above,Positive,Tooop
12-27W,4-stars or above,Positive,Great game
12-27W,4-stars or above,Positive,Fffbun
12-27W,4-stars or above,Numerical,Fun game and lots of good pay outs
12-27W,4-stars or above,Positive,Good game
12-27W,4-stars or above,Positive,And the prize is won by a victor
12-27W,4-stars or above,Positive,Fun
12-27W,4-stars or above,Positive,Great
12-27W,4-stars or above,Positive,The game is super reminiscent of real slot machines
12-27W,4-stars or above,Positive,"I think this game is ok üëå
"
12-27W,4-stars or above,Positive,Fun fun fun.
12-27W,4-stars or above,Graphic,Fun. Obviously new. Graphics are creative
12-27W,4-stars or above,Positive,Nice graphics. Love that it has this mini games or challenges to keep you going even if you lost them all!
12-27W,4-stars or above,Positive,Lots of cash
12-27W,4-stars or above,Positive,"Fun
"
12-27W,4-stars or above,Positive,"‚Ç¨‚Ç¨
"
12-27W,4-stars or above,Positive,I've enjoyed the game and the slots are fun .
12-27W,3-stars or below,Technician Issues,Keep getting kicked out of app plus way to many ads I understand you have to have them but way too many
12-27W,3-stars or below,Positive,Your game will not allow you to scroll through the various games.
12-27W,3-stars or below,Numerical,First time playing it went great. 2nd day barely any wins.
12-27W,3-stars or below,Numerical,"Analogue of many similar applications. At first it is pleasant to play, then the percentage of winnings drops catastrophically, and begging for money begins. I delete and do not advise anyone, waste your time"
12-27W,3-stars or below,Numerical,start balance and bet amounts too low to even consider.
12-27W,3-stars or below,Numerical,"Game sucks u bet high u get really low money, and when I want to play a different game, I'm hitting it but doesn't do nothing, deleting game really really really sucks, fix it u lazy bums"
12-27W,3-stars or below,Technician Issues,Keeps throwing you out of the game worst than adds apart from that a good game it's a shame really would like to give you 5 stars
12-20W,4-stars or above,Positive,"Pretty decent payouts, we'll see how it goes as I progress. Having fun so far."
12-20W,4-stars or above,Positive,Great games
12-20W,4-stars or above,Positive,Great games many big pays
12-20W,4-stars or above,Positive,Amazing Fun
12-20W,4-stars or above,Positive,Like the game because no adds for other games
12-20W,4-stars or above,Positive,All around fun
12-20W,4-stars or above,Positive,Great game
12-20W,4-stars or above,Positive,Spin spin spin‚Ä¶..WIN WIN WIN
12-20W,4-stars or above,Numerical,Love this game lots of wins. Lots of enjoyment
12-20W,4-stars or above,Numerical,"Lots of Fun Games, Free Coins, Bonus Games, Pay-Outs are Great!!! I would recommend this to my friends. Thank You!!!"
12-20W,4-stars or above,Positive,Ok
12-20W,4-stars or above,Graphic,"Great graphics and variety of games
"
12-20W,4-stars or above,Positive,Love it
12-20W,4-stars or above,Positive,So far so good
12-20W,4-stars or above,Positive,Fun to play
12-20W,4-stars or above,Positive,Cool
12-20W,4-stars or above,Positive,"Will go

"
12-20W,4-stars or above,Positive,"By far, the best casino I have played online!!"
12-20W,4-stars or above,Positive,Nice
12-20W,4-stars or above,Positive,"Probably the best slots game on here. No forced ads.
"
12-20W,4-stars or above,Positive,Fun to play and win
12-20W,4-stars or above,Positive,Love it so much fun
12-20W,4-stars or above,Positive,Great Xmas slots alot of fun
12-20W,4-stars or above,Numerical,"So far so good,just hope the game does not stop the wins around 5 days in like ALL the other apps do. Stay fair is all us players want."
12-20W,4-stars or above,Positive,Very delightful
12-20W,4-stars or above,Positive,Very good game Yo will love it.
12-20W,4-stars or above,Positive,"Super fun

"
12-20W,4-stars or above,Graphic,Good layout
12-20W,4-stars or above,Positive,I Love This Game Very Much
12-20W,4-stars or above,Positive,"Fun slots! Wish you had more to choose from.
"
12-20W,4-stars or above,Positive,"This game is awesome

"
12-20W,4-stars or above,Positive,Very good game... I highly recommend it... it's very entertaining
12-20W,4-stars or above,Positive,Hours of fun
12-20W,4-stars or above,Positive,Great game I'm addicted
12-20W,4-stars or above,Positive,Love this game so much fun
12-20W,4-stars or above,Positive,Love it
12-20W,4-stars or above,Positive,Good
12-20W,4-stars or above,Positive,very good and fun
12-20W,4-stars or above,Positive,I like the slots machines
12-20W,4-stars or above,Positive,Good
12-20W,4-stars or above,Positive,"Sofar so good. Having a blast.

"
12-20W,4-stars or above,Positive,Great app! Lots of games and easy to win!
12-20W,4-stars or above,Positive,It's fun
12-20W,4-stars or above,Positive,So far so good. I'll see after I play for awhile.
12-20W,4-stars or above,Positive,Good game enjoyable
12-20W,4-stars or above,Positive,Ok
12-20W,4-stars or above,Positive,Awesome
12-20W,4-stars or above,Positive,Wonderful
12-20W,4-stars or above,Positive,"Of all the slots I've played, this app is consistent. In big wins, YOU chose to watch ads, which is a good trait. We know this is how they make their money, so pay them if u are enjoying the slots. And I know u will. Give THIS app a shot. Not bad at all. Actually very entertaining. Good job developers. Somebody was thinking about the entertainment as well as revenue."
12-20W,4-stars or above,Positive,"Fun, exciting and enjoyable"
12-20W,4-stars or above,Positive,Ok
12-20W,3-stars or below,Numerical,"After a level you just lose! Anyway, the graphics are beautiful! But that's not how we play !!"
12-20W,3-stars or below,General Questions,"Have fun, can't you see a place to exchange coins?"
12-13W,3-stars or below,Technician Issues,I'm getting tired of this game freezing. I have to uninstall and reinstall several times. FIX THIS PROBLEM!!!!!!
12-13W,3-stars or below,Advertising,Bombarded w ads right off the bat. Didn't like having to bet max. Winnings are not that great. Just installed and turning it loose. Bye Looks good and colorful!
12-13W,3-stars or below,Numerical,The game was really fun when you first start playing but as your rank gets higher winning a hand is not often. May have to delete and find a new game. The questions asked about the game are stupid. yes you give free coins but they don't last long if your constantly loosing.
12-13W,4-stars or above,Positive,great
12-13W,4-stars or above,Positive,Awesome
12-13W,4-stars or above,Graphic,Great graphics and variety of games
12-13W,4-stars or above,Numerical,Crazy fun lots of big wins
12-13W,4-stars or above,Positive,Best Slots games ever
12-13W,4-stars or above,Positive,It's awesome
12-13W,4-stars or above,Positive,Excellent fun game
12-13W,4-stars or above,Positive,Just started playing this game.
12-13W,4-stars or above,Positive,Unique and fun
12-13W,4-stars or above,Numerical,Entertaining but when you raise more money it gives you less prizes
12-13W,4-stars or above,Numerical,"Fun, beautiful pictures, everything is good except! It's very difficult to get into free games."
12-13W,4-stars or above,Positive,Very good
12-13W,4-stars or above,Positive,Nice wins
12-13W,4-stars or above,Positive,having a lot of fun with this apt. great games
12-13W,4-stars or above,Positive,Love playing the games
12-13W,4-stars or above,Positive,nice
12-13W,4-stars or above,Positive,go
12-13W,4-stars or above,Positive,Love this game!!
12-13W,4-stars or above,Positive,Awesome game
12-13W,4-stars or above,Positive,Great
12-13W,4-stars or above,Positive,good
12-13W,4-stars or above,Positive,Just started but so far so good
12-13W,4-stars or above,Numerical,Fun time...lots of winning going on
12-13W,4-stars or above,Positive,Fun
12-13W,4-stars or above,Positive,Ok
12-13W,4-stars or above,Positive,Fun
12-13W,4-stars or above,Positive,"Fun to play and WIN...
"
12-13W,4-stars or above,Positive,Ok
12-13W,4-stars or above,Positive,Love the games and visual features
12-13W,4-stars or above,Positive,Awesomely amazing and addictive
12-13W,4-stars or above,Positive,Awesome
12-13W,4-stars or above,Positive,So far so good
12-13W,4-stars or above,Positive,"Just started so far I'm liking it

"
12-13W,4-stars or above,Positive,Wonderful to play
12-13W,4-stars or above,Technician Issues,"It's fun, but seems to freeze up"
12-13W,4-stars or above,Positive,Nice
12-13W,4-stars or above,Positive,So far......
12-13W,4-stars or above,Positive,Amazing play!!
12-13W,3-stars or below,Positive,My phone is locked while playing the game‚ö†Ô∏èüì± I am unable to use my phone‚ö†Ô∏è I hope you solve the problem with the game as soon as possible..üôè
12-13W,3-stars or below,Numerical,So slow and theü§è payü§è is not worth the time...$10000 is NOT an epic win..sucks üëéüëéüëéüëéüëé if I could I would give it 0 stars..
12-13W,3-stars or below,Numerical,"Interestingly, it's a pity that it doesn't give all the gains, only the extra ones, the situation is annoying, which makes me uninstall it soon!"
12-13W,3-stars or below,Numerical,PAY THEN STOP!! U DON'T PAY I DON'T PLAY!!!
12-13W,3-stars or below,Numerical,"Level 165. Not got a single gem. Mission passes not being paid. Free spins and bonus wins, more chance of Derby County staying up. This game is absolute worthless. Gonna get a message from provider saying random wins blah, blah. Try playing the game you plonkers. Don't bother replying game coming off. TOO BROKEN. Les Thomas."
12-13W,3-stars or below,Numerical,"This game sucks spent over 100+ million and got no type of bonus or respin nothing, just a waste of time. Would not recommend to any of my friends, always a cash grab, doesn't even make it fun to play."
12-06W,3-stars or below,Numerical,"This game used to be fun. Now, the cards for the wonder album are a joke. It has been weeks since I received new or gold cards. I would also like to see new games more often."
12-06W,3-stars or below,Advertising,Can't get the ads to end done playing this game
12-06W,4-stars or above,Positive,Addictive and fun to play
12-06W,4-stars or above,Positive,Great to pass the time....
12-06W,4-stars or above,Numerical,Good game... Always Mega win is enough...
12-06W,4-stars or above,Positive,This is great... Thank you.
12-06W,4-stars or above,Positive,Fun slots
12-06W,4-stars or above,Positive,nice game
12-06W,4-stars or above,Positive,Handsome
12-06W,4-stars or above,Positive,SUPER GOOD GAME
12-06W,4-stars or above,Positive,Lots of fun.
12-06W,4-stars or above,Positive,Love the game
12-06W,4-stars or above,Positive,Ok
12-06W,4-stars or above,Positive,Great game
12-06W,4-stars or above,Positive,Awesome
12-06W,4-stars or above,Positive,Hmm not a bad app
12-06W,4-stars or above,Positive,very nice casino game
12-06W,4-stars or above,Positive,Great
12-06W,4-stars or above,Positive,Amazing game lots of fun
12-06W,4-stars or above,Positive,Awesome
12-06W,4-stars or above,Positive,Good game is very fast and you win a lot
12-06W,4-stars or above,Positive,Suppi
12-06W,4-stars or above,Positive,Very good games
12-06W,4-stars or above,Positive,"Hangs often, but playful."
12-06W,4-stars or above,Positive,"Fun, exciting and enjoying. Thank you very much. I do recommend."
12-06W,4-stars or above,Positive,Am impressed compared with other slots This one very good so far . All review after a week just to make sure my wins weren't a fluke so This one a keeper . Please try it for your self
12-06W,4-stars or above,Positive,Great game
12-06W,4-stars or above,General Questions,how to exchange money
12-06W,4-stars or above,Positive,Time killer
12-06W,4-stars or above,Positive,Fun casino games
12-06W,4-stars or above,Positive,Very good game.
12-06W,4-stars or above,Positive,Ok
12-06W,4-stars or above,Numerical,Just started playing...so far so good. Pays out well...missions are fun.
12-06W,4-stars or above,Positive,Loveit
12-06W,4-stars or above,Positive,Fun slots
12-06W,4-stars or above,Positive,Likes
12-06W,4-stars or above,Positive,I enjoying the game
12-06W,4-stars or above,Positive,Good game
12-06W,4-stars or above,Positive,Done
12-06W,4-stars or above,Positive,Special thanks
12-06W,4-stars or above,Positive,Good game
12-06W,4-stars or above,Positive,Cool games
12-06W,4-stars or above,Positive,Lots of fun!!
12-06W,4-stars or above,Positive,good
12-06W,4-stars or above,Graphic,Beautiful graphics! Pleasant and addicting Congratulations to the designers
12-06W,4-stars or above,Positive,Great way to kill time
12-06W,4-stars or above,Positive,"Lots of Fun Games, Free Coins, Bonus Games, Pay-Outs are Great!!!"
12-06W,4-stars or above,Positive,"Fun fun fu
"
12-06W,4-stars or above,Positive,"The game is alright, but it is slow to give credits. Otherwise I would recommend it to everyone."
12-06W,4-stars or above,Positive,Great games
12-06W,4-stars or above,Positive,A lot of fun !
12-06W,3-stars or below,Numerical,"Great graphics, variety of games, terrible payouts, spin way to much to get progressive spins, don't waste time or money."
12-06W,3-stars or below,Numerical,"Made 750M in first hour - after that I couldnt buy a decent bonus and it sucked it back in 5min. Classic. The games and graphics are standard at best. 1.5 Stars is what I'm giving it. Itd be much higher if there werent a ton of other slots waaaaay better. Some slots you dont mind throwing money at, this isnt one of them - hell even without spending money youll probably end up uninstalling. #ThumbsDown #Uninstalled."
12-06W,3-stars or below,Numerical,"If I could have zero stars, because with over 4 trillion coins it can't even be cleared or something bigger in gain will be uninstalled immediately !!!!!"
12-06W,3-stars or below,Numerical,"It was pretty good until about level 300 - now at level 345 it became very boring. As in real Vegas, if you stop winning, you go/switch to another Casino ... so I'm out"
12-06W,3-stars or below,Numerical,"The graphics and playability are at their best, but with bonuses and winnings on bets from 15-30 million, it couldn't be worse. In 4 hours of the game, I couldn‚Äôt even get to 1 billion, stupidly gobbled up all the coins without recoil. And 8 devices no win-win returns at all. For advertising, they give a minuscule amount for which it will not even be promoted to the normal denomination. Someone may like it, but not me, so fix it for the better there and see if it's worth the candle."
12-06W,3-stars or below,Numerical,All rating stars above 1 are fake !!! When the house wins everything it is no longer a game of chance or luck it is a crooked game of FRAUD !!!!!!!
12-06W,3-stars or below,Technician Issues,Installed .. it crashes ... it warms my cell ... Go shit
12-06W,3-stars or below,Numerical,"The selection of the games are great, great graphics. The reason I decided to give it two stars is because the winnings suck. I had over 1m coins and after reaching level 100, lost it all because the winnings don't come close to the bet amount. They want you to purchase coins, why would I do that, just to lose it all again."
12-06W,3-stars or below,Numerical,"Let you win in the front, bite at the back, rubbish games, download it quickly. hehe"
11-29W,4-stars or above,Positive,Awesome
11-29W,4-stars or above,Positive,Great
11-29W,4-stars or above,Positive,very good
11-29W,4-stars or above,Numerical,Good win rate...and fun
11-29W,4-stars or above,Positive,Addicting
11-29W,4-stars or above,Positive,Good
11-29W,4-stars or above,Positive,"Game delivers what I was hoping for long time playing, try it you won't be disappointed!!"
11-29W,4-stars or above,Positive,Awesome games. Regular payouts. Well done!
11-29W,4-stars or above,Positive,Fantastic game
11-29W,4-stars or above,Positive,Great really like this APP
11-29W,4-stars or above,Graphic,"Beautiful graphics, and they pay very well, I hope they continue like this. Congratulations!!"
11-29W,4-stars or above,Positive,Just started playing but great so far
11-29W,4-stars or above,Positive,Fun game relaxing after a crazy day
11-29W,4-stars or above,Positive,Great
11-29W,4-stars or above,Positive,Nice
11-29W,4-stars or above,Positive,All round just a fun game to play!!!!
11-29W,4-stars or above,Positive,good
11-29W,4-stars or above,Positive,I like the game it a lot of fun money Run out to fast
11-29W,4-stars or above,Positive,Fun fun fun
11-29W,4-stars or above,Positive,It is fun and great to paa the time
11-29W,4-stars or above,Positive,Great entertainment
11-29W,4-stars or above,Positive,like
11-29W,4-stars or above,Positive,Brilliant
11-29W,4-stars or above,Positive,I really enjoy it so far. I love Casino games and this is by far my favorite one I've played so far. Keep up the great work. :)
11-29W,4-stars or above,Positive,Its cool
11-29W,4-stars or above,Positive,Dont have an opinion yet because i just began playing tonight
11-29W,4-stars or above,Positive,Awesome game
11-29W,4-stars or above,Positive,Great game
11-29W,4-stars or above,Positive,This game is ausome
11-29W,4-stars or above,Positive,It's ok
11-29W,4-stars or above,Positive,Very exciting
11-29W,4-stars or above,Positive,Good
11-29W,4-stars or above,Positive,This is the best slot game I've ever played so far
11-29W,4-stars or above,Positive,Good
11-29W,4-stars or above,Positive,I really like this game it keeps me going I love playing this game. Masterles.
11-29W,4-stars or above,Positive,"Very fun an exciting casino game
"
11-29W,4-stars or above,Positive,Great game
11-29W,4-stars or above,Positive,Love it
11-29W,3-stars or below,Technician Issues,No star's don't waste your time or money doesn't load
11-29W,3-stars or below,Numerical,Worse one out there. Took 5 billion in five minutes. Ridiculous
11-29W,3-stars or below,Positive,Bei Gou Wei
11-29W,3-stars or below,Positive,Boring same as most of these games and this is just another one of the many from spinx same company does all these customer service sucks
11-29W,3-stars or below,Technician Issues,Darn thing froze I uninstalled it
11-29W,3-stars or below,Positive,Not very interesting
11-29W,3-stars or below,Positive,What a tremendous waste of time
11-29W,3-stars or below,Advertising,To many adds
11-22W,3-stars or below,Advertising,The slots component is very well done and quite enjoyable to play. What really undermines the experience is the constant barrage of advertising and pops ups - many of which make it almost impossible to get back to the game. Many ads deliberately obfuscate the exit process so you end up being pushed onto Google play in an attempt to force you to install unnecessary apps. I played for a two weeks and then uninstalled for the above reason.
11-22W,3-stars or below,Technician Issues,Would not load
11-22W,3-stars or below,Advertising,Too many game interupting ads. Horrible
11-22W,3-stars or below,Technician Issues,What the hell... I cannot access the game for 2 days now..... I will lose my 12 days xmas gift as well. It says no internet connection I am connected to wifi as always and can play other online games except mezn games
11-22W,4-stars or above,Positive,Fun little game.
11-22W,4-stars or above,Positive,Fun to play
11-22W,4-stars or above,Positive,Entertainment
11-22W,4-stars or above,Positive,DD
11-22W,4-stars or above,Positive,Soyper
11-22W,4-stars or above,Positive,Extremely fun and devs are super nice
11-22W,4-stars or above,Positive,nice slots game ..
11-22W,4-stars or above,Positive,It's a good winning casino slots game to play
11-22W,4-stars or above,Positive,Easy winning
11-22W,4-stars or above,Positive,Great app I like it just need a free jackpot lol
11-22W,4-stars or above,Positive,Ok casino game.
11-22W,4-stars or above,Positive,Fun to play
11-22W,4-stars or above,Positive,Nice
11-22W,4-stars or above,Positive,you gain points really fast. it's great
11-22W,4-stars or above,Positive,VERY GOOD PURSES THAT IT HIT EATS ALL THE CREDITS AND YOU CANNOT CONTINUE R PLAYING
11-22W,4-stars or above,Positive,Like the games.
11-22W,4-stars or above,Positive,Good
11-22W,4-stars or above,Positive,I like it
11-22W,4-stars or above,Positive,Super
11-22W,4-stars or above,Positive,Top of the top continue to please us.
11-22W,4-stars or above,Graphic,"SUPER FUN!! BEST slots game out there. AWESOME graphics. Each game is unique, not like MOST other slots games that are all alike. Thank you, and keep up the good work. "
11-22W,4-stars or above,Positive,Great game
11-22W,4-stars or above,Positive,its cool
11-22W,4-stars or above,Positive,Lots of fun
11-22W,4-stars or above,Positive,Greeat
11-22W,4-stars or above,Positive,Good to change dk k
11-22W,4-stars or above,Positive,So far so good. Great graphics. Daily quests
11-22W,4-stars or above,Positive,Fun
11-22W,4-stars or above,Positive,good
11-22W,4-stars or above,Positive,good game
11-22W,4-stars or above,Positive,Fun games
11-22W,4-stars or above,Positive,One of the best I've played so far.
11-22W,4-stars or above,Positive,Excellent
11-22W,4-stars or above,Technician Issues,Love the games and gameplay butjust had trouble with the disconnections
11-22W,4-stars or above,Positive,Really good enjoy it
11-22W,4-stars or above,Positive,Good
11-22W,4-stars or above,Positive,Good game
11-22W,4-stars or above,Positive,I recommend!
11-22W,4-stars or above,Numerical,Great slot payouts.o
11-22W,4-stars or above,Positive,Good game
11-22W,4-stars or above,Positive,Greant games
11-22W,4-stars or above,Positive,Very fun enjoyable game!!
11-22W,4-stars or above,Positive,"Everything is super! But don't stop there, developers! Keep delighting your audience!"
11-22W,4-stars or above,Positive,Addictive and fun to play
11-22W,4-stars or above,Positive,Love these games
11-22W,4-stars or above,Positive,"So good, so far!!"
11-22W,4-stars or above,Positive,Fun and challenging
11-22W,4-stars or above,Positive,Made the game
11-22W,4-stars or above,Positive,These slots are fun!
11-22W,4-stars or above,Positive,Super game 5/5
11-22W,4-stars or above,Positive,"Win some, lose some. Just like the real thing. Love It"
11-22W,4-stars or above,Numerical,Easy winning
11-22W,3-stars or below,Numerical,"The game is not clear, the settings are ok, when you want to run out of coins, you win, terooss ultra teroooossssss hahaha.. funny by.."
11-22W,3-stars or below,Technician Issues,NOT DOWNLAODING
11-22W,3-stars or below,Positive,"I think the casino is very good so far, you also win something from time to time, if it stays that way it's one of the best casinos in the Play Store."
11-22W,3-stars or below,General Questions,How do you exchange money?
11-22W,3-stars or below,Technician Issues,"GG good game, the cellphone is very slow, it looks like the memory game is big."
11-22W,3-stars or below,Positive,Another Chinese way to take your money
11-22W,3-stars or below,Positive,"Garbage,"
11-22W,3-stars or below,Technician Issues,"After purchasing coins, I suddenly became unable to log in."
11-22W,3-stars or below,Numerical,Not enough bonus & paid out.
11-22W,3-stars or below,Numerical,"Fun at first until you loose all your coins trying to bet higher.Not expecting to win ever time,but come on man"
11-22W,3-stars or below,Technician Issues,Won't load. Connection failed while updating resources. No way to play.
11-22W,3-stars or below,Numerical,"Um. The scams are correct, at first they went wild, then they bite wildly, the stored value bite is bigger, and a small amount of money will give you medicine. no need to thank me."
11-22W,3-stars or below,Numerical,"I gave this game 5 stars, then it went to 3 stars. Now it's 1 star. I have played this game for 3 days. Spent 100.00 and can tell you this game is just boring. 1000 spins without 1 bonus game. Scatters are non-existent. And the payouts are pathetic. The game is a total ripoff. And it will screw you out of any money you put into it. I uninstalled it with a 2 bill balance. You monkeys can keep it. I wipe my arse you you. This game is very predictable. And is nothing but a massive disappointment"
11-15W,3-stars or below,Advertising,"I understand your need for ads but do they really need to be so prevalent? It seems near enough any action or spin or screen change triggers one. Again and again and again. Please, calm down the ad frenzy just a little bit, it makes for a near unplayable experience. I have uninstalled your app, the 'ad attack' has simply ruined it for me."
11-15W,3-stars or below,Numerical,"I changed my 5 stars to 1. All the slots are rigged, they are trying their hardest to getting your money and thats fine if you have fun for a little while but if you pay then your chances are getting less. Overall scammy slots app like every others."
11-15W,3-stars or below,Numerical,Under maintenance?
11-15W,3-stars or below,Technician Issues,"Taii can't enter, it's just a waste of quota"
11-15W,3-stars or below,Numerical,Terrible payouts. Can't play longer than a few minutes without spending money
11-15W,3-stars or below,Numerical,Good start but like the other games nothing sad
11-15W,3-stars or below,Numerical,"Really good at first,but...one 2 occasions i did not win anything on 2 bonuses,done pretty good at first when buying but soon that didnt even work,they do not play fair,so if you want to waste money on a ""game"" they will be more than glad to keep on taking it..."
11-15W,4-stars or above,Positive,"You win and you loose. Pretty good for a free slot game.
"
11-15W,4-stars or above,Positive,good
11-15W,4-stars or above,Positive,Awesom
11-15W,4-stars or above,Graphic,"The games are enjoyable and the graphics are great! So far the winnings are pretty frequent which makes it even more fun! Yes the ads can get annoying, but all games have stupid ads now, so it's normal. Love this game!"
11-15W,4-stars or above,Positive,I like it
11-15W,4-stars or above,Technician Issues,Download toooo SLOW
11-15W,4-stars or above,Positive,Very good game. It's okay not to give anything. It looks nice..hd: d..I recommend 100%
11-15W,4-stars or above,Positive,Great
11-15W,4-stars or above,Positive,Great gaming. More fun than a barrel of monkeys
11-15W,4-stars or above,Positive,Good
11-15W,4-stars or above,Positive,Nice
11-15W,4-stars or above,Positive,Mmm ... beautiful yummy .. already remembered.k.v.s.t. norm..g.r.f.k. the same weight is ... with the standards of apar ... it is rolling.
11-15W,4-stars or above,Positive,Whole lotta fun! Play Madusa to build your cash at first
11-15W,4-stars or above,Positive,Love it
11-15W,4-stars or above,Positive,Best one yet
11-15W,4-stars or above,Positive,Great
11-15W,4-stars or above,Graphic,good graphic
11-15W,4-stars or above,Numerical,Fantastic with lots of winnings. Love it
11-15W,4-stars or above,Positive,Great.
11-15W,4-stars or above,Positive,Good games and big wins
11-15W,4-stars or above,Positive,It's a great game
11-15W,4-stars or above,Positive,Love the games
11-15W,4-stars or above,Positive,Love the games
11-15W,4-stars or above,Positive,"Games easy to play , some glitches but otherwise enjoy playing"
11-15W,4-stars or above,Positive,thumb up
11-15W,4-stars or above,Positive,"Don't be stingy EA, it's a good game"
11-15W,4-stars or above,Positive,Good
11-15W,4-stars or above,Positive,4great game
11-15W,4-stars or above,Positive,Good
11-15W,4-stars or above,Positive,Fun
11-15W,4-stars or above,Positive,good
11-15W,4-stars or above,Graphic,"I love his little games, the pictures are perfect."
11-15W,4-stars or above,Positive,It's okay too
11-15W,4-stars or above,Positive,Very well
11-15W,4-stars or above,Positive,"I'm okay, then I'll see what's next. so far 4 iko"
11-15W,4-stars or above,Positive,All smooth
11-15W,4-stars or above,Positive,NS
11-15W,4-stars or above,Positive,The best slots game I've ever played.
11-15W,4-stars or above,Positive,I love it
11-15W,4-stars or above,Advertising,"If you still give us a lot of ads, let them be extended, that is, let's look at the Green Horses on the walls"
11-15W,4-stars or above,Advertising,"They are advertisements with 10% of slots, a vomit to reason and to the nation alive Peron."
11-15W,3-stars or below,General Questions,Won't let me collect my free bonus coins or free spins
11-15W,4-stars or above,Positive,I love this game
11-15W,4-stars or above,Technician Issues,Takes friggen 5 min to get to game with all the ads...I'm done
11-08W,4-stars or above,Technician Issues,"Too long to download, not enough coins to play. SUCKS! 00000 STARS!!!!"
11-08W,4-stars or above,Advertising,To many ads
11-08W,4-stars or above,Numerical,"Dumb game, have to pay, even then you can't pass level, don't bother"
11-03W,4-stars or above,Positive,Fine.
11-03W,4-stars or above,Positive,enough fun
10-25W,4-stars or above,Technician Issues,Trying to sign into this game and it keeps telling me there's something wrong with my Internet absolutely not cause I could get on every other game.
10-25W,4-stars or above,Technician Issues,"WTH is wrong with this app?! It keeps telling me (and apparently MANY other players) that my connection has been lost, and I need to make sure my wifi is on!!!!"
10-25W,4-stars or above,Advertising,too much adds
10-25W,4-stars or above,Numerical,"Terrible waste of a download. No wins at all. Do not give them your money! Every... single....spin will be dead until your coins are gone then they'll shove their greedy hand back in your face demanding more and more money. Avoid this one, it's worse than Gambino, and that's pretty bad."
10-25W,3-stars or below,General Questions,I get my points for the game they didn't give them to me Thank you
10-25W,4-stars or above,Positive,"I was a bit close to ""paying"" for coins!"
10-18W,4-stars or above,Numerical,Worst slots game ever you start out when you're first playing you get a bunch of coins after that in order to really gain coins you have to purchase them and I guess it's really not the worst ever because to be honest with you everyone doesn't it greed at its finest I'm deleting the app I'm going to play something that's less stressful less annoying more fun and yep I'm done
10-11W,4-stars or above,Numerical,Cheating!!
10-11W,4-stars or above,Advertising,To much advertising
10-04W,4-stars or above,Numerical,"JUST AS IT IS ALWAYS LAZY TO PLAY IN A GAME THAT THE MACHINES DO NOT GIVE ANY PRIZES, THIS GAME IS JUST LOOKING FOR HOW TO GET MONEY FROM PEOPLE BY BUYING COINS AND THEN LOSE THEM ALL IN THE GAME."
,4-stars or above,Advertising,Awesome pop ups.
,4-stars or above,Numerical,If you bet big you lose big and when your almost out of money they dill give you a bonus to keep playing don't plan on hitting the big bonus
,4-stars or above,Numerical,"Well my friend and I thought we had found the perfect slot game until we both hit 35. Same thing happened on both accounts. You go broke after 35. No wins at all, not even small ones. We're both deleting and the search continues"
,3-stars or below,General Questions,False advertising. You will not simply real money
,4-stars or above,Numerical,"Disgusting game, impossible to have fun for a while, do not install it"
,3-stars or below,General Questions,games are level locked and max bet too no fun here
,4-stars or above,Numerical,Game for lozers
,4-stars or above,Numerical,Takes a little longer ti get coins....and you dont get enough to keep you playing
,4-stars or above,Technician Issues,Yo where's my free coins... Eff this game.. why won't my phone go past 97% it won't let me download 100% . It freezes at 97% help please. I need my free coins that I earned the sad thing is that I've been playing this game for years..Now I tried again and now they have a black shield over my game! REALLY? ALL THE MONEY I PUT TOWARDS THIS GAME! REALLY?
,4-stars or above,Numerical,"WORST SLOTS EVER. You don't win if you just started the game, you don't win after you've collected all bonuses of the day, you don't win after collecting them for a week or a month, you don't win if you take a break. YOU NEVER WIN. PERIOD."
,4-stars or above,Numerical,"Just after 500,000 points and the minimum price of 25,000, all the small cards were bitten in a few minutes, and the installation was directly uninstalled, which was a waste of time."
,4-stars or above,Advertising,"There are really too many advertisements. If you want to make money, you also need to take care of your personality. Robbing a bank and cheating to make money is not faster."
,4-stars or above,Positive,good
,4-stars or above,Advertising,Too many ads. Not enough payouts and low payouts.
,4-stars or above,Advertising,"A video came up started playing wouldn't let me get back to the game I was playing kept going to play store trying to make me down load another app never could get back to the game.had to start the app again and started another video when I got back in.Ionly got to play the game I like for about five minutes so write this review for the next person who wants to download this app good luck trying to play the game you like I only had it installed for about 15 minutes
"
,3-stars or below,General Questions,How do you withdraw money?
,4-stars or above,Numerical,I will Never play Vegas Again Yall took my Points I Payed For Thats not Rights Yall Don't Treat Players Right I Hope eNobody Else Gets Riped Off It was my Favorite
,4-stars or above,Advertising,Bruh do you guys bombard us with ads every time we open the app I mean I know yall tryna make them coints but sis that aint it 6 back 2 back ads and then ad after big wins and joining new machines and i get the ads to a minimum do you h Guys even ads bruh... I can play a few others which my fav pop slots! Doesnt even ads yo comeon with the excessive ads !
,4-stars or above,Numerical,Run out of coins to quickly
,4-stars or above,Numerical,Annoying. And you Don't win.
,4-stars or above,Technician Issues,"The reply of the game that you are playing takes too long to reload, once it gets started it is fun to play"
,4-stars or above,Advertising,Too many ads too often
,4-stars or above,Advertising,Couldn't enjoy playing!!! ADS ARE RIDICULOUS
,3-stars or below,General Questions,"It took too long to get to the actual slots due to all of the pop ups to participate in all the side hustles.
"
,4-stars or above,Numerical,"First time playing, it's good fun. After playing for a while, very cheating. Immediate cheating"
,4-stars or above,Technician Issues,"Won,t load up"
,4-stars or above,Technician Issues,"I can't download the app haven't been able for over a week
"
,4-stars or above,Positive,Reasonable
,4-stars or above,Advertising,"Forced press, annoying popping ads."
,4-stars or above,Positive,It's ok
,4-stars or above,Advertising,Too many advertisments!
,4-stars or above,Positive,good
,4-stars or above,Numerical," Need more free coins....thus, free slots??"
,4-stars or above,Technician Issues,Won't load so overall your company sucks... after repeated attempts. I will get something else.
,4-stars or above,Technician Issues,Game won't open anymore. Close to receiving level up reward for another game and (really coincidentally) the game won't load for the last 24 hours. Numerous attempts. Stay away.
,3-stars or below,General Questions,I thought I 2as getting a good app but no those dam extra games that get shoved in our face I want slot home not collection of card an other stupid stuff the ruin the game time to delete this game
,4-stars or above,Numerical,"Got cheated, 30 million chips, opened to play again, all chips are gone .. very bad"
,4-stars or above,Technician Issues,Can't connect with Facebook?
,4-stars or above,Technician Issues,Game resets randomly back to level one. Every daily bonus is gone. Too many app cliches for me recently.
,4-stars or above,Advertising,"The game is good, but because of way too many adverts it really spoils the fun of playing. I must have watched 5 or more ads before even entering a game, 1st spin and yet another ad and when I left that game, yes yet another ad. In the end I quit altogether. No wonder I only play once awhile. I come away feeling more frustrated than relaxed!! And before you the developer says ads are needed so people can enjoy the game don't bother as people buy coins as well. A couple of ads are acceptable sure"
,4-stars or above,Advertising,There are so many pop up ads it takes forever just to start playing and they don't stop once you finally get to a slot machine. The ads actually interrupt your spins. It's crazy ridiculous. I'm uninstalling.
,4-stars or above,Positive,Just started but fun
,4-stars or above,Numerical,POS MF GAME WIN BIG THEN IT TAKES ALL WITH NO WIN
,4-stars or above,Technician Issues,Can't stand the game that wants me to rate it before I even play it
,4-stars or above,Technician Issues,"After several weeks despite all the bonuses (fcbk and daily) in 10sec it's torched!! The reels are not fluid (acceleration or deceleration) so it's not a coincidence!! Mini-games and shop windows open unexpectedly during the short part.. The weeks follow one another and look alike.. no coincidence, everything is calculated!! Go your way."
,4-stars or above,Advertising,Too many forced ads.
,3-stars or below,General Questions,How does it withdraw money?
,4-stars or above,Advertising,To many ads
,3-stars or below,General Questions,Passes time but no money in it
,4-stars or above,Positive,good
,4-stars or above,Technician Issues,Keep kicking me off so delete it
,4-stars or above,Numerical,Another app from Hong Kong that only cares about selling chips! This particular app the graphics are very low quality and the winning stops the minute you stop buying! DO NOT DOWNLOAD THIS APP! RUN AS FAST AS YOU CAN!
,4-stars or above,Positive,Great game
,4-stars or above,Numerical,Rare game. There are almost no winning combinations. Aimed at donating and viewing ads. I do not advise. For removal
,4-stars or above,Positive,Fun
,4-stars or above,Advertising,Stop interfering with the game I'm playing after you breaking in constantly I would never download your app
,4-stars or above,Technician Issues,"What is going on with this game? It won't open. The name comes up, but it closes and goes back to the icon ...? I have have been playing for awhile with no issues. I rebooted my phone but it didn't help."
,4-stars or above,Advertising,"Ads are annoying. Contests are pointless. Some games are boring to play. I realize that it's luck to win, but then why have a choice of saving favorites? Otherwise it's just like any other slot app. Nothing special about it."
,4-stars or above,Positive,Some what fun
,4-stars or above,Numerical,DON'T waste your time or money purchasing coins for this game because they rarely let you hit the jackpot or bonus games you would think it's a game you play for fun but really it's about how much money they can make and get out of you They get you to spend real money and you lose all coins purchased within 2 minutes.... Impossible to level up.... This app is bulls**t
,4-stars or above,Technician Issues,I have been having the same problem for over a week now. I've tried signing out and back in but nothing is working. I used to really enjoying playing but right now I am getting totally frustrated.
,3-stars or below,General Questions,"How to withdraw money, tell me"
,3-stars or below,General Questions,"The monkey plays and sees if it can be withdrawn, it will add to all the stars."
,3-stars or below,General Questions,I want in French Thank you
,4-stars or above,Technician Issues,Somehow my game wont play???' And its my fav I have reinstalled this game and I still cant get it to play.??????
,4-stars or above,Advertising,"Spin the reels, get an ad. Spin the reels, get an ad. Spin the reels, get an ad. Spin the reels, get an ad. Spin the reels, get an ad. This app is nothing but annoying ads nearly ever spin...open the app and your hit with 5 ads and they are relentless. They redirect you and take longer than 30 seconds...they get you for 5 more...truly a time waste"
,4-stars or above,Technician Issues,Can't download anything so can't play other games. Uninstalling and reinstalling makes no sense. So still not working. Sending feedback is also not possible because the mail keeps coming back.
,4-stars or above,Numerical,"the bastard game, everything has been arranged, when we have the last coin we will definitely give BIG win, and when we have a lot of coins we don't give it until a little more"
,4-stars or above,Advertising,"This has got to be one of the absolutely WORST ""Casinos"" online!! Nobody wants an add to interupt in the middle of a win while your ""win "" is calculating first of all, another is there is a ridiculous amount of ads I mean the most ads I have EVER encountered on ANY game. Next the win coin amount ratio is also incredibly ridiculous I am so glad I FINALLY got my 50 levels to get my creds I needed for another app so I can UNINSTALL this dumbass game app and NEVER use it again. Was a waste of time!"
,4-stars or above,Numerical,"Ok, let's cook daily login, the biggest prize is only 315k chips, the free slot is also minimal... bad... try playing another slot game for the devs"
,4-stars or above,Advertising,a lot of ads
,3-stars or below,General Questions,how to withdraw money
,4-stars or above,Numerical,Buying coins is a rippoff
,4-stars or above,Technician Issues,"The game is disabled, can't log in, it crashes... disabled, disabled, disabled, disabled, disabled, just uninstall it"
,4-stars or above,Positive,I like it a lot
,4-stars or above,Technician Issues,I wanted to know if they will no longer give the Facebook bonus they used to give every day
,4-stars or above,Positive,"Addictive, but good."
,3-stars or below,General Questions,Where to withdraw money?
,4-stars or above,Technician Issues,"They're messing around. I was at level 230, I had over 350 million in chips, I connected with Facebook, they took all my chips and I went to level 52. Seriously, bullshit."
,4-stars or above,Advertising,"Not worth downloading, evertime u want to do something on this app theres a popup, its very annoying and im deleting it. Dont waste your timr"
,4-stars or above,Numerical,Waste of time. No fun. No big wins. Horrible payouts. Just another money grabbing app.
,3-stars or below,General Questions,I just made a purchase and I was charged twice and nothing was added to my coins
,3-stars or below,General Questions,Love the games but don't buy anything or extra coins from them because they slide in extra charges.
,4-stars or above,Technician Issues,No not for me to slow to win anything no real cash.
,4-stars or above,Numerical,"Super crazy bite, save 3000 bite 3000, no points back at all, super cheat money"
,4-stars or above,Positive,It's okay
,4-stars or above,Advertising,Every time I went to start the game tons of ads come up from nowhere preventing you from even playing and if that wasn't bad enough in the middle of the game it stopped and ads start popping up. Out of all the games I played I would have to say this is the worst
,4-stars or above,Positive,"Fairly new to me, but it's been fun."
,3-stars or below,General Questions,"Do not download any game from this company.I want to share my expierience i had 2 days ago.I was up to 130 billion coins,so i started betting 25 million at a time.ALl the sudden the three wheels hit on the whell of luck game.I noticed that my jackpot total stopped at 5 million.I assumed that i was gonna have a bonus round so i hit spin again , nothing happened it went back to normal.thats when i noticed that my bet was only on 5000.When i hit the jackpot they put my bet down to 5000 which is the"
,4-stars or above,Numerical,Dont pay enough
,4-stars or above,Technician Issues,"Every time I've started playing a game today, the screen goes black and I have to shut it off and start again! Annoying to the point I want to uninstall the game!"
,4-stars or above,Positive,Nice game
,4-stars or above,Advertising,"It's a fun game, and much better than most slots. However, I only give it 1 star because there is a Solitaire ad that causes a loop and never lets you exit. You have to go to Settings to Force Stop and then restart it. The problem is that this Solitaire ad keeps coming up. If the developer doesn't fix this and get us an update, I'll just Uninstaller and then come back here to give this game zero stars!"
,3-stars or below,General Questions,Is the game good but it is not in Spanish? Not so understood.
,4-stars or above,Advertising,"When you can play it is enjoyable, however lots of interruptions, ads, ads, and more ads ,less ads please!!!"
,3-stars or below,General Questions,I'm trying to uninstall the credit cards and I can't because my daughter plays and spends a lot I'm going to take the game out so I don't lose so much and you don't translate into Portuguese
,4-stars or above,Numerical,"AFTER LEARNING, THIS GAME IS ALREADY SETTING FOR THE PLAYER CAN'T WIN. GETTING THE COIN JACKPOT BONUS IS THE SAME AS A REGULAR ROUND, BUT GETTING THE JACKPOT BONUS IS DIFFICULT. TRY TO KEEP UP!!!"
,4-stars or above,Advertising,Good game but too intrusive if you stop playing
,4-stars or above,Positive,"very good and comfortable to play
"
,4-stars or above,Numerical,"Not to mention unlocking for other slots the chips are minimal. thin bonus sorry your game is not interesting bye
"
,4-stars or above,Advertising,All I want to do is play but the popups are overbearing and too forceful. It forces you to click on whatever the popup is without given me the opportunity to X out of the popup. So I simply uninstalled this app.
,3-stars or below,General Questions,"I bought gold coins through Alipay, but nothing happened. The server was abnormal. I got angry. No reply. After two days, I removed it"
,4-stars or above,Numerical,Cool game. Incredibly horrible payouts. Not worth it
,4-stars or above,Numerical,Horrible payouts
,3-stars or below,General Questions,How to exchange points
,3-stars or below,General Questions,"You changed your privacy policy, now letting third-party have access to our personal info and data. No thanks. Not this family. You will lose a lot of customers over this. You said, if we don't give you and them access, then, we don't play. Sorry, I'm not playing."
,4-stars or above,Technician Issues,"I'm still trying to get on to the game rebooted over 8 times in the last hour, I dont need to change my browser I have Microsoft 11 on my pc"
,4-stars or above,Numerical,"YOU'RE JUST A LITTLE MANIPULATORS EVERYTHING IS AT ZERO FOR 2020 I wish you were less stupid WITH YOUR MANIPULATIONS A STAR IS NOT EVEN AT THE HEIGH
"
,4-stars or above,Numerical,"Cool games, horrible payouts. Bought over a million credits, gone in no time even with varying bets. Was hoping to see improvement but aint happenin. Trying again....a little better! Yeah I am aware of the randomness of slots... But when you get such small amounts for seemingly big combinations , it's hard to get ahead sometimes."
,4-stars or above,Numerical,"Bad,really bad!Rate of control terrible!wait forever to open next slot!"
,4-stars or above,Technician Issues,App crashes Everytime.
,4-stars or above,Numerical,"Don't download this game, it's not fun, lots of ads. It's fun to play, but video ads appear"
,4-stars or above,Technician Issues,Games freeze up to much
,4-stars or above,Numerical,"Terrible, can play, but turns bankrupt"
,3-stars or below,General Questions,If I can get real money transferred to an account then I will give full stars
,4-stars or above,Numerical,"Was really fun for awhile. Built up to 2 billion in coins, even made a few purchases, then the winning stopped, all 2 billion coins gone.......uninstalled!!!!"
,4-stars or above,Numerical,You never win
,3-stars or below,General Questions,"Morning who has already tried it, why so that it's such a hassle with making of quick and easy deposits, but the hard withdrawal?  The app is not up to par, as I understood, this is an unfinished imitation of the top rated website xcasin . com, only this site has the perfect graphics, offers a lot of bonuses and also a whole lot more goodies . . Just out of curiosity give it a go, take a short rest and play it ! If you liked it, then thumbs up! "
,3-stars or below,General Questions,Love to play but hate not being able to choose from all machines. Leveling up is for suckers. Open the machines and I might buy a coin package.
,4-stars or above,Numerical,BAD. THATS WHY IM LEAVING THIS GAME.. ALL U GET IS 41.230 EVERY HOUR N IT LAST 2 MIN.. RIDICULUS
,4-stars or above,Technician Issues,"Hoax applications, don't download all of them"
,3-stars or below,General Questions,I have been unknowingly charged $21.41 per month for this. Should be free!!
,4-stars or above,Technician Issues,Would open up
,3-stars or below,General Questions,Try playing it first and then give it again later.
,3-stars or below,General Questions,I think the coins can be cashed... it's a waste of time.
,3-stars or below,General Questions,"2 stars go first, try to play it first, then add more"
,3-stars or below,General Questions,Keep playing and you will get real money.
,4-stars or above,Technician Issues,Could you tell me why you keep walking me out from Playing... It happens about every day I have to go back 5 and 6 times before you'll let me play could you fix this
,4-stars or above,Technician Issues,ONLY BUGS NOT POSSIBLE TO PLAY!!!!!
,4-stars or above,Technician Issues,Enter the game longer than before.
,4-stars or above,Numerical,"Not a free slot , some good hits but , bets that pay anything good are 90+ k. Authentic classic slots that pay like real casinos almost never . So if you dont pay you dont play . The side show games are mostly annoying for the few lousy credits . If they loosened them up a bit I may return but unlikely. expensive amusement at $40 -50 hr. If I could give less than 1 star I would . Actual cost per spin at 90,000 credits = $2 of real cash to win pretend credits ."
,4-stars or above,Technician Issues,Can hardly play because every time I start to.play there is another game they want to install and it is so
,4-stars or above,Numerical,"Wins are hard to get
"
,4-stars or above,Technician Issues,Stopped working after update
,3-stars or below,General Questions,"I think coins can be cashed, it's a waste of time"
,3-stars or below,General Questions,Don't know how to play yet
,4-stars or above,Technician Issues,Stop after installing
,4-stars or above,Numerical,"Waste of time. The free money runs out fast and you're left with either putting real money in the kitty or uninstalling the whole mess. It's pretty darned predictable your free ""seed"" money will get swallowed up in less than an hour on minimum bet. Then you're prompted for a real ""cash"" purchase. Slow to pay, voring action, few and far between ""bonuses"". I played it and deleted it within an hour."
,3-stars or below,General Questions,You have to try playing it first.
,3-stars or below,General Questions,first time
,3-stars or below,General Questions,I just used to play for the first time. Try it first.
,3-stars or below,General Questions,"Did you really get the money?..if you really got it, what should you do?..please tell me"
,3-stars or below,General Questions,Did you get real money???
,4-stars or above,Numerical,lost chip game
,4-stars or above,Numerical,"Terrible, be prepaired to spend lots of money. No fun at all."
,4-stars or above,Technician Issues,"Unfortunately does not work, the points disappear inexplicably"
,3-stars or below,General Questions,Can the coins be sold? who knows
,4-stars or above,Technician Issues,Why is it that every time I try to purchase coins or the treasure boxes it say not available. I use to buy coins. I have been playing this game a long time and not I cant make a purchase.
,4-stars or above,Technician Issues,Can never recieve daily bonus reward coins!
,3-stars or below,General Questions,Let me try first
,4-stars or above,Numerical,"Like most others, hot for a while, then not."
,3-stars or below,General Questions,"If I could put 0 stars! Because when you play the question arises how to transfer money????? Developers, I beg you to write how to transfer money ??????!!!!!!!!!! If it wasn't for this it would be 5 stars! PLEASE WRITE HOW TO TRANSFER MONEY?!!!!!!!!!"
,4-stars or above,Numerical,Wasteof your time. Little wins. And the hourly free coinsvis even smaller.
,3-stars or below,General Questions,Can you take the money?
,4-stars or above,Numerical,Terrible. Stay away. It's only good for getting money out of you. The price to buy credits is exorbitant in US. There are plenty of other apps that are more generous with free credit.
,4-stars or above,Numerical,"why when I reach a sum I lose everything and I have to wait until the next morning to play
"
,3-stars or below,General Questions,I don't know if I got the money or not.
,4-stars or above,Technician Issues,You close it. Sigh. It's too late. The game is broken.
,4-stars or above,Numerical,"Can't get in, bounces forever, slow, eats up quickly"
,4-stars or above,Technician Issues,can't enter
,4-stars or above,Technician Issues,"Why Everytime I open the app and start playing a add pops up and the game restarts completely ? It's so frustrating please fix this because I do love this game. It's a pain in the ass being redirected to the home page after spinning two or three times. I've tried downloading it again and it doesn't help at all. Anyone else have this problem.
"
,4-stars or above,Advertising,These pop up adds are way to numerous and some them wont let you out of them without going to the playstore that needs to be fixed
,4-stars or above,Numerical,No win at all. Only advertising buy chips. Freaks.
,4-stars or above,Technician Issues,Huai is very broken and freezes often.
,4-stars or above,Numerical,"can play a lot He's gone again, completely lost."
,4-stars or above,Advertising,I put in advertisements one by one
,4-stars or above,Technician Issues,Rubbish ! Can not be opened
,4-stars or above,Technician Issues,can't even get into the game to play. What's going on?
,4-stars or above,Numerical,"I like this app dont get me wrong but it is sure hard to imagine that you dont rig them. Yes it is a slot game and yes there are odds in the ""house"" favor but I had over 50 million in coins and was betting 180 thousand a spin and NOT once had a bonus round spin. Seems a bit odd that you can spin a machine that many times on that bet and never once get a bonus round"
,4-stars or above,Numerical,No winning games nothing.
,4-stars or above,Numerical,"Slots dont payout much, and dont give options to get free coins."
,4-stars or above,Technician Issues,So the game opens but won't connect to the internet but I have full internet bars and I can connect to YouTube and the internet
,4-stars or above,Technician Issues,Itts exciting but jump to off often
,4-stars or above,Technician Issues,can't play
,4-stars or above,Numerical,"Cheaters, greedy."
,4-stars or above,Advertising,Not bad but to many ads for those who like to play bit can't afford to pay.
,4-stars or above,Advertising,In app ads are aggrevating. You are presented an ad soon as you start that says buy this and has+ad free then puts 5 ads back to back. You need to rethink your sales pitch. I bought the package thinking it was not going to annoy me with ads. If I want to buy something I will. Don't annoy me.
,4-stars or above,Technician Issues,"The download is slow, I can play the game for a moment and it comes up saying that the internet is not good even though the internet is full, can it be fixed?"
,4-stars or above,Numerical,Full manipulations of the moderator TRICKED AS WELL AS MANURE. Too bad it could be nice if the intensive zeroing cease.! !! ....it feels good to quit the game
,4-stars or above,Numerical,It's good up to a point then it takes everything away so you can buy credits
,4-stars or above,Numerical,"Worst slots app ever, don't waste your time on this game wish i never did. virtually no return on any win the few i got !!!!!!!!!!"
,4-stars or above,Numerical,Great until the change. Then have been hardly winning & its the same with the friends I referred. Which sucks because this has been the only slot machine I liked playing. If people won more often again. Me & my peopke would rate 5 stars.
,4-stars or above,Technician Issues,"I would like you to help me I have a problem with the game, it hasn't loaded for more than a week I don't know what's happening I uninstalled it and reinstalled it and it's still the same."
,4-stars or above,Numerical,It used to be so fun. Would win enough to keep playing Now does not pay anything. Always trying to find a way to get coins. Very disappointe
,4-stars or above,Technician Issues,Only says connection lost. Never gets past the connection lost thing. Hitting reconnect does nothing. Game unplayable.
,4-stars or above,Numerical,To tight on pay offs
,3-stars or below,General Questions,Did you get real money???
,4-stars or above,Technician Issues,Doesn't load. As a guest.
,4-stars or above,Numerical,Can't win.
,4-stars or above,Advertising,"I have uninstalled this, again, because there are too many ads to play the game.
"
,4-stars or above,Advertising,Fuckin 'bottom of advertising
,4-stars or above,Advertising,Too many pop up ads
,4-stars or above,Numerical,"Plenty of fun machines to choose from, the only problem is that maybe only 1 out of 10 spins is a win bigger than your bet. 200 on a 10000 bet is ridiculous. Better the odds, better the rating
"
,3-stars or below,General Questions,Is it true? Can someone tell me? You can play for real money. Just add more stars.
,4-stars or above,Technician Issues,It was good it just takes a long time for it to come on mine
,4-stars or above,Numerical,Cheats worse than Vegas
,4-stars or above,Technician Issues,"Does not load , after many years of playing."
,4-stars or above,Numerical,"10 minutes played, BROKE, It's always about buying, all games the same."
,4-stars or above,Technician Issues,Take 4 ever to load
,4-stars or above,Numerical,Bad bounces
,4-stars or above,Advertising,"Too many advertisements for other slot games, more than any other slot app."
,4-stars or above,Numerical,"I love the site, but the hourly coins are really low & don't increase after the 1st level unless you purchase coins. Most of the games are 5 star plus!! Admin is amazing! This is a new acct, which makes it difficult to play without the support of free coins. This is the best site I've played for online slots! If you purchase coins regularly, you will enjoy the perks that come with spending! Thank you Classic Vegas !
"
,4-stars or above,Technician Issues,"Wont down load games

"
,4-stars or above,Technician Issues,Will not boot up to let me play.
,4-stars or above,Advertising,Too much interuptions with adds
,4-stars or above,Advertising,"Interrupting advertisement too much. Sometimes, slot requires real $ money. Be careful."
,4-stars or above,Numerical,"Mostly 3 real slots, run out of coins quick, same old story."
,4-stars or above,Technician Issues,Took to long to load app.
,4-stars or above,Technician Issues,won't open
,4-stars or above,Numerical,Just wants money
,4-stars or above,Advertising,As soon as you start the ads too
,4-stars or above,Numerical,It's difficult to give a little money.
,4-stars or above,Numerical,too much cheating
,4-stars or above,Numerical,Big scam We all lose in a few minutes Skip your turn.
,4-stars or above,Technician Issues,Can't get the app to open
,4-stars or above,Numerical,"At first it seemed that I would not be able to play for a long time on this game, but after a few risky bets I won good amounts and now I play calm and longer !!! And immediately after a dozen minutes after the praise, the game started TO TAKE MY EARNINGS, AND SOMEONE WILL SAY: - AND THIS IS MY GAMBLING, ONE TIME YOU WIN, ONCE YOU LOSE, NO, AND I WILL SAY, THERE'S ALWAYS IN GAMBLING IF YOU PLAY TRUE GAMBLING WITH MONEY, IN THE BEGINNING YOU WILL BE STOCKED WITH"
,4-stars or above,Numerical,"Expect nothing good you can't win the reels change before your eyes if the machine is going to win obviously rigged
"
,4-stars or above,Technician Issues,Does not start at all
,3-stars or below,General Questions,I don't know how to get real money.
,4-stars or above,Technician Issues,"Had high hopes, but game would not load. Said ""loading assets"" and would freeze. Tried repeatedly."
,4-stars or above,Technician Issues,My game kept going out. Its like it has a virus
,4-stars or above,Numerical,Payouts poor
,3-stars or below,General Questions,I want to play and exchange for real money.
,3-stars or below,General Questions,How do you withdraw money?
,4-stars or above,Numerical,"I don't get a daily bonus or a frank bonus. Would you give it back ??? I've written everywhere for you, it would be good for you to do something because 200,000 thousand points a day can't be played"
,4-stars or above,Technician Issues,"You pay but you cant PLAY,u have to GO THRU everything to GET,back into the GAME. IT'S NO FUN ANYMORE "
,4-stars or above,Advertising,So many adds that i didn't even make it to the game before i deleted it. I give this app 4 thumbs down
,4-stars or above,Technician Issues,"Game won't even load. I have refreshed, reset my phone and all day still nothing. Plus this latest game for the weekend sucks. Wouldn't even give me the earnings from the free spins. This isn't even worth any stars for today!!"
,4-stars or above,Numerical,Please don't waste your time or money purchasing coins for this game because they rarely let you hit the jackpot or bonus games you would think it's a game you play for fun but really it's about how much money they can make and get out of you by not letting you win coins rarely
,4-stars or above,Technician Issues,"This game is a money stealing cheat that TRULY stresses you out instead of what its purpose is suppose to be which is suppose to bring you fun & enjoy..It sickens me to see CVS'S responses to people (who ARE telling the TRUTH which is you are hardly EVER allowed to win on the games & when you DO win something, they take it back IN RECORD time by manipulating the machines & not allowing you TO win & keep ANYTHING) saying it's all about YOUR luck which is a LIE, THEY MANIPULATE THEIR MACHINES!"
,4-stars or above,Technician Issues,Freezing
,4-stars or above,Numerical,"Only way to get a win is pay for the coins. Passes the time for about 10 spins (a couple seconds) after betting the free coins with the lowest bet of 5,000. When you do ""win"" you get 3,000 coins which is still a loss. Half the time you're in the app you're trying to bypass ads. Waste you're time elsewhere!"
,4-stars or above,Technician Issues,Can't download.
,4-stars or above,Advertising,"A lot of chatp, there are only advertisements all the time"
,4-stars or above,Technician Issues,It's been a long time since I'm loading
,4-stars or above,Numerical,I never win on this game your game is slow no bonuses no play speed it up
,4-stars or above,Numerical,Cheat this game
,4-stars or above,Numerical,Ripoff
,4-stars or above,Technician Issues,can't get in
,4-stars or above,Numerical,Not a lot of winning goes on
,4-stars or above,Numerical,Boring..... Not enough big hits
,4-stars or above,Numerical,Worst of worst lost 16 mill in 20 min use as default there games are not fun boring trailer trash of online casino games they think there games r worth there prices they must be ignorant of reality
,4-stars or above,Advertising,TOO MANY ADS
,4-stars or above,Numerical,Bad bonuses!
,4-stars or above,Advertising,this game would be pretty damn good if it didn't have so many ads every time you exit the screen/ TOO MANY ADS
,4-stars or above,Technician Issues,your app has been crashed for 24 hoirs and no fix. kicks you out of the game every rime yoi try to login plus you Can never get the free daily points even after refreshing installing the game and the ads are ridicoulous to weed thru just to be able ro play
,4-stars or above,Numerical,the is not enough points or coins to build up to even bet.
,4-stars or above,Technician Issues,"took 15 minutes just to load, played 1 minute and it froze up.. worthless trash, uninstalling now.."
,4-stars or above,Numerical,"Disappointed as of of the slots I've played loved yours the best; however, found they just don't win often enough. Dont like the jackpot winner announce just added in right hand corner and could not find way to opt out of showing on my screen. :( customer"
,4-stars or above,Advertising,"Slots"" classic has to many pop-ups, can't play very long without them"
,4-stars or above,Numerical,games are fun but chances of big jackpots are rare